{"Nose":{"x":470.724609375,"y":149.64889526367188,"z":-907.4681396484375},"MouthLeft":{"x":508.78985595703125,"y":116.02873229980469,"z":-781.95062255859375},"RightAnkle":{"x":846.8211669921875,"y":303.85598754882812,"z":174.12724304199219},"RightKnee":{"x":857.57745361328125,"y":444.94024658203125,"z":-469.90863037109375},"LeftKnee":{"x":1175.8463134765625,"y":250.46170043945312,"z":-335.2681884765625},"RightWrist":{"x":540.562744140625,"y":195.03256225585938,"z":-336.37838745117188},"LeftEyeOuter":{"x":418.97055053710938,"y":108.709228515625,"z":-871.28662109375},"LeftHeel":{"x":1147.7623291015625,"y":304.05343627929688,"z":512.5303955078125},"LeftElbow":{"x":566.62725830078125,"y":-24.881591796875,"z":-435.585693359375},"RightElbow":{"x":557.453857421875,"y":270.40994262695312,"z":-560.27496337890625},"LeftAnkle":{"x":1148.9462890625,"y":317.25823974609375,"z":418.12725830078125},"RightIndexFinger":{"x":507.74899291992188,"y":176.67283630371094,"z":-368.02667236328125},"LeftEar":{"x":427.84417724609375,"y":99.5869140625,"z":-574.72900390625},"LeftEye":{"x":420.48367309570312,"y":119.46754455566406,"z":-871.07025146484375},"LeftPinkyFinger":{"x":389.49215698242188,"y":-52.66107177734375,"z":-245.67843627929688},"RightEar":{"x":435.73556518554688,"y":225.00486755371094,"z":-655.43951416015625},"LeftEyeInner":{"x":420.81024169921875,"y":140.55648803710938,"z":-871.010498046875},"RightEyeOuter":{"x":425.8687744140625,"y":214.87901306152344,"z":-889.09698486328125},"RightEyeInner":{"x":424.32797241210938,"y":182.33952331542969,"z":-888.55438232421875},"RightThumb":{"x":507.0887451171875,"y":176.56857299804688,"z":-340.38247680664062},"LeftIndexFinger":{"x":392.47100830078125,"y":5.83447265625,"z":-277.04806518554688},"LeftThumb":{"x":394.25119018554688,"y":7.81951904296875,"z":-255.37016296386719},"RightHip":{"x":1125.4534912109375,"y":412.50381469726562,"z":-68.955711364746094},"RightPinkyFinger":{"x":534.68365478515625,"y":185.99537658691406,"z":-361.02127075195312},"LeftToe":{"x":1132.0799560546875,"y":405.12451171875,"z":461.2392578125},"RightToe":{"x":829.73809814453125,"y":288.36639404296875,"z":199.45088195800781},"LeftHip":{"x":1209.4942626953125,"y":228.70692443847656,"z":70.401412963867188},"RightEye":{"x":425.54653930664062,"y":194.46376037597656,"z":-888.48956298828125},"MouthRight":{"x":511.69973754882812,"y":186.36112976074219,"z":-804.587890625},"LeftWrist":{"x":390.4658203125,"y":0.811004638671875,"z":-234.47555541992188},"LeftShoulder":{"x":654.8768310546875,"y":25.104522705078125,"z":-408.23251342773438},"RightHeel":{"x":857.06256103515625,"y":277.1524658203125,"z":253.48835754394531},"RightShoulder":{"x":576.50836181640625,"y":309.61801147460938,"z":-602.03106689453125}}
{"Nose":{"x":479.41183471679688,"y":123.12156677246094,"z":-843.76422119140625},"MouthLeft":{"x":513.12176513671875,"y":92.471588134765625,"z":-707.07696533203125},"RightAnkle":{"x":886.9935302734375,"y":235.24188232421875,"z":284.41455078125},"RightKnee":{"x":921.37139892578125,"y":414.70297241210938,"z":-402.58071899414062},"LeftKnee":{"x":1221.704833984375,"y":222.80369567871094,"z":-157.63282775878906},"RightWrist":{"x":538.79144287109375,"y":174.87287902832031,"z":-367.01409912109375},"LeftElbow":{"x":528.48486328125,"y":5.083251953125,"z":-164.43948364257812},"LeftEyeOuter":{"x":424.65087890625,"y":94.835113525390625,"z":-798.39837646484375},"LeftHeel":{"x":1192.258544921875,"y":246.87759399414062,"z":713.93560791015625},"RightElbow":{"x":558.6322021484375,"y":253.17506408691406,"z":-639.39788818359375},"LeftAnkle":{"x":1190.2281494140625,"y":260.83419799804688,"z":617.20654296875},"RightIndexFinger":{"x":538.99267578125,"y":164.4927978515625,"z":-397.9635009765625},"LeftEar":{"x":429.57281494140625,"y":95.86236572265625,"z":-475.03189086914062},"LeftEye":{"x":427.65020751953125,"y":103.12771606445312,"z":-798.3009033203125},"LeftPinkyFinger":{"x":359.66360473632812,"y":-28.874603271484375,"z":69.223350524902344},"RightEar":{"x":448.05496215820312,"y":214.47700500488281,"z":-663.3846435546875},"LeftEyeInner":{"x":429.04461669921875,"y":122.44610595703125,"z":-798.226318359375},"RightEyeOuter":{"x":434.04437255859375,"y":185.96311950683594,"z":-840.3636474609375},"RightEyeInner":{"x":433.151611328125,"y":162.60743713378906,"z":-839.917236328125},"RightThumb":{"x":545.0078125,"y":162.50199890136719,"z":-364.68356323242188},"LeftIndexFinger":{"x":371.58297729492188,"y":-33.63995361328125,"z":15.921117782592773},"LeftThumb":{"x":380.72329711914062,"y":18.01959228515625,"z":31.660617828369141},"RightHip":{"x":1136.79296875,"y":399.55746459960938,"z":-138.93661499023438},"RightPinkyFinger":{"x":532.4542236328125,"y":166.27638244628906,"z":-402.11056518554688},"LeftToe":{"x":1160.964111328125,"y":319.97015380859375,"z":687.52825927734375},"RightToe":{"x":852.6358642578125,"y":195.38308715820312,"z":322.38421630859375},"LeftHip":{"x":1219.583984375,"y":233.59422302246094,"z":140.75859069824219},"RightEye":{"x":433.86062622070312,"y":174.33883666992188,"z":-839.8392333984375},"MouthRight":{"x":521.783447265625,"y":146.12541198730469,"z":-760.70947265625},"LeftWrist":{"x":377.12103271484375,"y":10.234588623046875,"z":61.392047882080078},"LeftShoulder":{"x":652.7513427734375,"y":39.94561767578125,"z":-259.45700073242188},"RightHeel":{"x":896.69744873046875,"y":205.88774108886719,"z":366.64401245117188},"RightShoulder":{"x":591.8792724609375,"y":281.79302978515625,"z":-662.981201171875}}
{"Nose":{"x":479.97552490234375,"y":135.83749389648438,"z":-794.84375},"MouthLeft":{"x":514.06634521484375,"y":123.02169799804688,"z":-678.50714111328125},"RightAnkle":{"x":809.40972900390625,"y":252.55606079101562,"z":214.9632568359375},"RightKnee":{"x":854.61322021484375,"y":375.04864501953125,"z":-360.01742553710938},"LeftKnee":{"x":1145.7371826171875,"y":240.36151123046875,"z":-292.9261474609375},"RightWrist":{"x":607.77777099609375,"y":228.09207153320312,"z":-278.41607666015625},"LeftEyeOuter":{"x":429.61474609375,"y":95.77227783203125,"z":-763.97760009765625},"LeftHeel":{"x":1074.6343994140625,"y":282.344970703125,"z":497.74929809570312},"LeftElbow":{"x":585.5731201171875,"y":14.29974365234375,"z":-340.10589599609375},"RightElbow":{"x":600.8216552734375,"y":272.24383544921875,"z":-450.52752685546875},"LeftAnkle":{"x":1079.8656005859375,"y":288.118408203125,"z":413.3409423828125},"RightIndexFinger":{"x":614.31915283203125,"y":223.42543029785156,"z":-315.57339477539062},"LeftEar":{"x":435.78924560546875,"y":91.42523193359375,"z":-494.25146484375},"LeftEye":{"x":428.27944946289062,"y":117.85733032226562,"z":-763.8648681640625},"LeftPinkyFinger":{"x":463.1412353515625,"y":12.6396484375,"z":-110.10700988769531},"RightEar":{"x":437.9024658203125,"y":203.65611267089844,"z":-551.10552978515625},"LeftEyeInner":{"x":430.06964111328125,"y":126.42295837402344,"z":-763.63037109375},"RightEyeOuter":{"x":431.14248657226562,"y":196.49835205078125,"z":-776.4874267578125},"RightEyeInner":{"x":431.83795166015625,"y":165.39399719238281,"z":-776.2415771484375},"RightThumb":{"x":618.68890380859375,"y":217.06565856933594,"z":-284.8839111328125},"LeftIndexFinger":{"x":469.66513061523438,"y":10.75701904296875,"z":-150.01583862304688},"RightHip":{"x":1140.9404296875,"y":400.39614868164062,"z":-56.640876770019531},"LeftThumb":{"x":481.21810913085938,"y":17.434906005859375,"z":-126.39249420166016},"RightPinkyFinger":{"x":607.76507568359375,"y":228.13970947265625,"z":-306.17144775390625},"LeftToe":{"x":1047.633056640625,"y":343.39599609375,"z":401.31344604492188},"RightToe":{"x":767.37774658203125,"y":219.83543395996094,"z":174.38803100585938},"LeftHip":{"x":1219.425048828125,"y":230.60324096679688,"z":57.913532257080078},"RightEye":{"x":432.38623046875,"y":175.19088745117188,"z":-776.13128662109375},"MouthRight":{"x":515.05096435546875,"y":173.64035034179688,"z":-694.49737548828125},"LeftWrist":{"x":486.3455810546875,"y":14.90240478515625,"z":-104.45961761474609},"LeftShoulder":{"x":656.47845458984375,